,symbol
3918679,A
5119083,AA
3923691,AAL
2272191,AAN
0,AAOI
1554,AAON
6567,AAT
8798,AAWW
2277204,AAXN
3927246,ABBV
3928981,ABC
12326,ABCB
5119886,ABEO
17339,ABG
21782,ABM
5124919,ABR
3933993,ABT
26795,ABTX
5128887,AC
5129922,ACAD
5133855,ACBI
2281854,ACC
5134910,ACCO
5138535,ACGL
2285710,ACHC
5143568,ACHN
5146882,ACIA
2290723,ACIW
27867,ACLS
2295736,ACM
5147804,ACNB
32731,ACOR
5152837,ACRE
5154776,ACRS
5155849,ACRX
5158092,ACT
5158614,ACTG
5162911,ACV
36197,ADC
5164079,ADES
3939005,ADM
5168099,ADMS
2298905,ADNT
5169548,ADPT
5169685,ADRO
5170880,ADSW
5171701,ADT
41210,ADTN
46223,ADUS
5173533,ADXS
5177172,AE
3944017,AEE
48791,AEGN
53804,AEIS
58817,AEL
2299696,AEO
3949029,AEP
5182205,AERI
3954041,AES
2304709,AFG
5183768,AFH
5185509,AFI
3959053,AFL
5186471,AG
2309722,AGCO
5189773,AGEN
5194786,AGFS
5195905,AGIO
5197534,AGM
5202567,AGNC
5205502,AGO
5209459,AGR
5210482,AGX
62830,AGYS
5215515,AHC
67843,AHH
5218516,AHT
5222639,AI
3964065,AIG
5227672,AIMC
5230961,AIMT
69495,AIN
5232077,AINV
5236026,AIQ
74508,AIR
79521,AIT
3969077,AIV
3974089,AJG
84534,AJRD
5240493,AJX
3979101,AKAM
5241729,AKBA
89547,AKR
94560,AKRX
98910,AKS
5243193,AKTS
5244234,AL
3984113,ALB
5246431,ALC
5246623,ALCO
2314735,ALE
2319748,ALEX
103923,ALG
108936,ALGT
5251656,ALIM
3989125,ALK
5254104,ALKS
5259137,ALLY
5260586,ALNY
5264517,ALO
112193,ALRM
5267821,ALSK
5272854,ALSN
5274823,ALTR
5279856,ALV
5284889,ALX
2321637,AM
113309,AMAG
3993859,AMAT
5289922,AMBA
118322,AMBC
5291746,AMC
2322940,AMCX
3998871,AMD
4003883,AME
2325079,AMED
4008895,AMG
5293272,AMH
5294895,AMKR
119979,AMN
5299928,AMNB
5304961,AMOT
5309994,AMPE
124508,AMPH
5312457,AMRC
5314842,AMRS
5317180,AMSC
125876,AMSF
5322213,AMSWA
5327246,AMTD
129397,AMWD
2330092,AN
5332279,ANAB
5333024,ANAT
134410,ANDE
139423,ANF
5338057,ANGI
144436,ANGO
5340106,ANH
148328,ANIK
153341,ANIP
5345139,AOBC
4013907,AOS
5350172,AOSL
5352615,AP
4018919,APA
5357648,APAM
158250,APEI
5359373,APLE
161277,APOG
5360545,APPF
5361689,APTS
5363898,AQMS
5365018,AR
5366592,ARA
5367530,ARAY
5370784,ARC
166290,ARCB
5374543,ARCC
5378387,ARCH
5379209,ARD
5379921,ARDX
171303,ARI
5381322,ARL
5386355,ARMK
5387885,ARNA
4023931,ARNC
173861,AROC
5392779,AROW
5397812,ARQL
174886,ARR
5402845,ARTL
5403111,ARTNA
2335105,ARW
2340118,ASB
5408144,ASC
2345131,ASGN
2350144,ASH
177898,ASIX
5409767,ASMB
5412048,ASPS
178695,ASTE
5414674,ASYS
5419707,AT
5422250,ATEC
5425676,ATEN
2355157,ATGE
5427139,ATH
5427915,ATHX
2360170,ATI
5431084,ATKR
5431987,ATLO
183708,ATNI
2365183,ATO
2370196,ATR
5436995,ATRA
5438313,ATRC
5441946,ATRI
5446979,ATRO
5452012,ATRS
5457045,ATSG
4028943,ATVI
5461192,AUBN
5466225,AUMN
188721,AVAV
191951,AVD
5468914,AVEO
5471390,AVID
5476423,AVNW
196964,AVP
2375209,AVT
5481456,AVTR
5481621,AVX
5486654,AVXL
5490034,AWI
201977,AWR
5493363,AXAS
5498396,AXDX
206990,AXE
5503429,AXGN
212003,AXL
5508462,AXR
5513495,AXS
5517657,AXTA
5518956,AXTI
2380222,AYI
5523989,AYR
5527369,AYX
5528074,AZPN
217016,AZZ
222029,B
4033955,BAC
5533107,BAH
227042,BANC
5535408,BANF
231351,BANR
5540441,BATRA
5541382,BATRK
4038967,BAX
2384752,BBBY
5542323,BBGI
5547333,BBI
5552366,BBSI
4043979,BBT
5557399,BBW
5561226,BBX
4048991,BBY
2389765,BC
5562239,BCBP
236364,BCC
238079,BCEI
2394778,BCO
240077,BCOR
5566327,BCOV
245090,BCPC
5568314,BCRH
5569869,BCRX
2399791,BDC
5574902,BDGE
5579935,BDN
5584968,BDSI
250103,BEAT
5589365,BECN
253043,BELFB
4054003,BEN
5593217,BERY
5595045,BFAM
5596798,BFIN
258056,BFS
5600458,BG
5605097,BGCP
263069,BGG
268082,BGS
5610130,BGSF
5611567,BH
5616600,BHB
271228,BHE
276241,BHLB
5621633,BHVN
5622310,BIDU
281113,BIG
2404804,BIO
5625943,BIOL
5630976,BIOS
5636009,BJ
286126,BJRI
4059015,BK
5637594,BKCC
5640752,BKD
291139,BKE
2409817,BKH
5644309,BKI
4064027,BKR
5645479,BKU
5647732,BL
5648537,BLBD
5649996,BLCM
296152,BLD
5651270,BLDR
2414830,BLKB
4064632,BLL
297265,BLMN
5654930,BLUE
5656583,BLX
5661616,BMCH
299133,BMI
5662618,BMRC
5667651,BMRN
5672684,BMTC
4069644,BMY
304146,BNED
5677717,BNFT
5679307,BOCH
2418699,BOH
5684340,BOKF
5689373,BOLD
305237,BOOM
310292,BOOT
5690249,BOX
311600,BPFH
5691500,BPMC
5692684,BPOP
316613,BRC
5697717,BREW
5702750,BRG
321626,BRKL
5704208,BRKR
326639,BRKS
2423712,BRO
2428725,BRX
5709097,BRY
5709471,BSET
5714504,BSRR
5719537,BSTC
4074656,BSX
5724570,BTU
5729043,BUD
5731694,BURL
5733274,BUSE
5738307,BV
5738694,BW
4079668,BWA
5739835,BWEN
5743810,BWFG
5746271,BWXT
5748649,BXC
5752444,BXG
2430285,BXS
2435298,BYD
5752983,BZH
4084680,C
5758016,CAAS
2440311,CABO
5762110,CAC
5767143,CACC
2441438,CACI
331652,CADE
5772176,CAE
4089692,CAG
4094704,CAH
5777209,CAI
2446451,CAKE
332343,CAL
5778319,CALA
337356,CALM
5779647,CALX
342369,CAMP
2451464,CAR
5782115,CARA
5783612,CARB
5785720,CARO
347382,CASH
5787286,CASS
2456477,CASY
352395,CATM
355399,CATO
2461490,CATY
360412,CBB
365425,CBL
5792319,CBLI
5795709,CBNK
5796244,CBPX
2466503,CBRL
4099716,CBS
2471516,CBSH
2476529,CBT
370438,CBU
5797738,CBZ
2481542,CC
5802771,CCBG
5807804,CCC
5808106,CCF
5813139,CCK
4103223,CCL
375451,CCMP
5818172,CCNE
5823205,CCO
380381,CCOI
384855,CCRN
389397,CCS
5826768,CCU
5831787,CCXI
5833781,CDE
5838814,CDEV
2482669,CDK
4108235,CDNS
390799,CDR
5839756,CDXS
5842204,CDZI
5847237,CECE
395812,CECO
5852270,CEM
400825,CENT
405838,CENTA
409058,CENX
4113247,CERN
5854673,CERS
5859706,CETV
414071,CEVA
4118259,CF
5864739,CFFI
5869772,CFFN
4121846,CFG
5874805,CFMS
2483988,CFR
2489001,CFX
5875946,CGA
2491941,CGNX
418357,CHCO
423370,CHCT
4123147,CHD
2496954,CHDN
2501967,CHE
424511,CHEF
5878902,CHGG
5880452,CHH
5885485,CHIC
2506980,CHK
5888120,CHKP
5893153,CHMG
5898186,CHMI
5899764,CHRS
4128159,CHRW
426639,CHS
431652,CHUY
5901067,CIA
2511993,CIEN
5906100,CIM
5909158,CIO
433500,CIR
5910604,CIT
5913142,CIVB
5917918,CIX
5922951,CIZN
438513,CKH
4133171,CL
2517006,CLB
5927982,CLCT
5933015,CLDR
438980,CLDT
5933696,CLDX
441399,CLF
5938729,CLFD
2522019,CLGX
2527032,CLH
2532045,CLI
5943762,CLNE
5946942,CLNY
5948337,CLPR
5949071,CLR
5952259,CLSD
5953168,CLUB
5956594,CLVS
446454,CLW
4138183,CMA
2537058,CMC
5958644,CMCO
4143195,CMCSA
2542071,CMD
5963677,CMLS
449212,CMO
2547084,CMP
5968297,CMPR
5971891,CMRE
5974202,CMRX
4148207,CMS
5975903,CMT
454225,CMTL
5980936,CNA
5985969,CNAT
5987597,CNBKA
4153219,CNC
5992630,CNCE
5994118,CNDT
5994879,CNET
2551105,CNK
459238,CNMD
2554286,CNO
5997499,CNOB
4157723,CNP
6002532,CNS
464251,CNSL
6006411,CNTY
2558373,CNX
6011444,CNXN
6016477,CODI
4162735,COG
2563386,COHR
467856,COHU
472869,COKE
477882,COLB
6019913,COLL
6021092,COLM
6026125,COMM
2568399,CONE
482895,CONN
4167747,COP
2570140,COR
486954,CORE
6027688,CORP
6030031,CORR
490629,CORT
4172759,COTY
6033289,COUP
6034520,COWN
6037918,CPA
4174382,CPB
494554,CPE
499567,CPF
6041459,CPK
4179394,CPRT
6046492,CPRX
504580,CPS
506970,CPSI
6049807,CPSS
6054840,CPST
2572462,CPT
2577475,CR
6059753,CRAI
6064786,CRBP
6066086,CRC
511371,CRCM
2582488,CREE
2587501,CRI
6067384,CRIS
6072276,CRK
2591556,CRL
6077309,CRMT
512873,CROX
2596445,CRS
6082342,CRTX
2601458,CRUS
516341,CRVL
6082513,CRVS
521354,CRY
526367,CRZO
6083471,CSA
4184406,CSCO
6084608,CSFL
6089375,CSGP
531380,CSGS
536393,CSII
2606471,CSL
6094408,CSLT
6095876,CSOD
6098096,CSS
6103129,CSTE
6105093,CSTR
6105924,CSU
6110957,CSV
6115990,CSWC
6121023,CSWI
4189418,CSX
539801,CTB
6122100,CTBI
6127133,CTIC
4194430,CTL
2611484,CTLT
6132166,CTMX
6133238,CTO
6138271,CTR
544814,CTRE
6140168,CTRN
546201,CTS
4199442,CTSH
6143856,CTT
6145386,CTV
551214,CUB
6146716,CUBE
556227,CUBI
558182,CUTR
2612841,CUZ
6150547,CVA
562116,CVBF
567129,CVCO
6155580,CVCY
6160613,CVGI
571251,CVGW
6164497,CVI
2617854,CVLT
6167573,CVLY
6172606,CVNA
4204454,CVS
6173287,CVTI
2621179,CW
6178320,CWCO
6183353,CWH
6184173,CWST
575610,CWT
4209466,CXO
6189206,CXP
2626192,CXW
2631205,CY
6190780,CYBE
580623,CYH
585508,CYTK
6195813,CZNC
2636218,CZR
4212558,D
589422,DAKT
4217570,DAL
2638212,DAN
594435,DAR
599448,DBD
2641219,DCI
6200846,DCO
604461,DCOM
6205879,DCP
4220726,DD
609474,DDD
6209427,DDMX
2646232,DDS
614487,DEA
2651245,DECK
2656258,DEI
6209678,DELL
6209942,DENN
6214975,DERM
615700,DFIN
4220853,DFS
6216302,DGICA
616497,DGII
4223980,DHI
6221011,DHIL
6226044,DHT
6229629,DHX
621510,DIN
626523,DIOD
4228992,DISCA
4232603,DISCK
4235412,DISH
6232767,DJCO
6237800,DK
2659560,DKS
6241246,DLA
6246158,DLB
2663872,DLPH
6249908,DLTH
4240423,DLTR
2664388,DLX
6250949,DMRC
2669401,DNKN
2671512,DNOW
631536,DNR
636549,DO
6255944,DOC
6257576,DOOR
641562,DORM
4245435,DOW
6260211,DOX
646575,DPLO
2672919,DPZ
4245613,DRE
647868,DRH
6265244,DRIV
651512,DRQ
6269479,DRRX
6274330,DS
6278673,DSKE
6279743,DSL
656525,DSPG
4250625,DUK
6281433,DUSA
4255637,DVA
6282187,DVAX
6286189,DVD
4260649,DVN
6291222,DWSN
6296255,DX
4265661,DXC
6301288,DXCM
6305000,DXLG
661538,DXPE
2676797,DY
6310033,EARN
2681810,EAT
4266372,EBAY
6311720,EBF
666551,EBS
6316753,EBSB
6319767,EBTC
669824,ECHO
672376,ECOL
6323520,ECOM
677389,ECPG
4271384,ED
6325191,EDIT
682402,EE
6326183,EEFT
6331216,EEX
6331897,EFSC
6336050,EGAN
687415,EGBN
692470,EGHT
6341083,EGLE
697483,EGOV
2686823,EGP
702496,EGRX
6344746,EGY
703956,EHTH
6349779,EIGI
4276396,EIX
6351342,ELF
6352173,ELGX
6357206,ELS
6362239,ELVT
707247,ELY
6362935,EMAN
2691836,EME
6367960,EMKR
6372993,EML
4281408,EMN
4286420,EMR
712260,ENDP
6378026,ENFC
6379348,ENG
6384381,ENPH
2696849,ENR
2701776,ENS
717119,ENSG
6386339,ENT
720146,ENTA
6388495,ENTG
6393402,ENTR
6393948,ENV
721831,ENVA
6396328,ENZ
4291432,EOG
6401361,EPAM
723100,EPAY
2705640,EPC
6403355,EPM
2710591,EPR
6408388,EPZM
6410054,EQBK
6411102,EQC
4296444,EQR
2715604,EQT
728113,ERA
2720645,ERI
6416135,ERIE
6421168,ERII
6424070,EROS
4301456,ES
6425620,ESCA
729839,ESE
6430653,ESGR
6435686,ESI
6437252,ESNT
6438811,ESPR
6440459,ESRT
6442039,ESSA
6445255,ESTE
6450288,ESXB
6453648,ET
4306468,ETFC
734852,ETH
6453958,ETM
4311480,ETN
2721966,ETSY
2723160,EV
6458991,EVBG
6459826,EVBN
6464483,EVC
6469374,EVER
6469761,EVH
6470920,EVI
2728173,EVR
6475953,EVRI
739865,EVTC
2731526,EWBC
6477057,EXAS
4316492,EXC
2736539,EXEL
741535,EXLS
2741475,EXP
4321504,EXPD
744826,EXPO
749839,EXPR
752239,EXTN
753264,EXTR
758277,EZPW
4326516,F
2746488,FAF
4331528,FANG
6481822,FARM
763290,FARO
4333315,FAST
6486855,FATE
768303,FBC
4338327,FBHS
6488436,FBIO
6490485,FBIZ
6494074,FBK
6494909,FBM
6495643,FBMS
6499929,FBNC
6504962,FBNK
773358,FBP
6505475,FC
6510508,FCAL
6511148,FCBC
6516181,FCEL
778371,FCF
2748891,FCFS
6521214,FCNCA
783384,FCPT
6526247,FCSC
4340384,FCX
6528802,FDEF
784405,FDP
2753904,FDS
6533835,FDUS
4345396,FE
789460,FELE
6535989,FET
6537939,FEYE
794473,FF
796657,FFBC
6539527,FFG
6544560,FFIC
2758917,FFIN
6549593,FFNW
6552678,FFWM
6553984,FGBI
6558770,FGEN
6560067,FHB
2763930,FHN
6560932,FI
6562549,FIBK
2768943,FICO
6565017,FIF
2773956,FII
6567102,FISI
6572135,FIT
4350408,FITB
2778969,FIVE
6573285,FIVN
801670,FIX
806683,FIZZ
2780834,FL
6574738,FLDM
6576982,FLDR
6577371,FLEX
6582404,FLIC
4355420,FLIR
2785875,FLO
811738,FLOW
2790888,FLR
4360432,FLS
6587437,FLWS
6592470,FLXN
6593959,FLXS
6598992,FMAO
6602795,FMBH
812790,FMBI
4365444,FMC
6607828,FMNB
817803,FN
2795694,FNB
6612861,FND
6613543,FNF
6617127,FNHC
6622160,FNLC
6627193,FNWB
820173,FOE
6628439,FOLD
6631616,FONR
6636649,FOR
825228,FORM
829363,FORR
834376,FOSL
4370456,FOX
4370639,FOXA
839389,FOXF
6639689,FPI
6641137,FPL
6642596,FPRX
2800707,FR
6644186,FRBK
840977,FRGI
6649219,FRME
6654252,FRO
6658889,FRPH
6663922,FRPT
6665224,FRTA
842886,FSB
2805720,FSLR
844066,FSP
847706,FSS
6666035,FSTR
6671068,FTEK
4370823,FTI
852719,FTR
4375450,FTV
857732,FUL
2809005,FULT
6676101,FVE
6680649,FWONA
6682412,FWONK
862745,FWRD
6683801,G
6686934,GABC
6691967,GAIA
6697000,GAIN
6700663,GARS
2814018,GATX
867758,GBCI
6702374,GBDC
6704827,GBL
6709860,GBLI
6713905,GBT
872771,GBX
6715017,GCAP
6717300,GCBC
877784,GCI
879250,GCO
884263,GCP
6722333,GDDY
6723537,GDEN
6724655,GDI
2819031,GDOT
6725326,GDP
4376307,GE
2821397,GEF
6730131,GEN
6733319,GENC
2826410,GEO
885261,GEOS
6737472,GERN
890274,GES
6742505,GEVO
895287,GFF
2831423,GGG
2836436,GHC
900300,GHL
6744750,GHM
904209,GIII
4381319,GILD
4386331,GIS
6749783,GKOS
6750928,GLAD
6755319,GLDD
6758601,GLG
6758980,GLNG
6763133,GLOG
6765091,GLPI
6766663,GLRE
909222,GLT
914235,GLUU
4391343,GLW
4396355,GM
6769844,GMAN
917460,GME
2841449,GMED
6770059,GMO
6773809,GMRE
921942,GMS
6774699,GNC
6776908,GNCA
6778402,GNE
6780467,GNK
922855,GNL
6781827,GNMK
6784249,GNOM
6784439,GNRC
2843303,GNTX
6786935,GNTY
2848316,GNW
6787609,GOGO
6789260,GOLF
6790065,GOOD
6794196,GORO
923989,GPI
6797550,GPK
929002,GPOR
934015,GPRE
6802583,GPRO
4398619,GPS
6803979,GPX
6809012,GRA
6814045,GRBK
6817212,GRC
6822245,GRIF
4403631,GRMN
6827278,GRNB
6827997,GROW
6833030,GRPN
2852226,GRUB
6835088,GSAT
6838407,GSBC
6843440,GSIT
6846660,GSM
6849291,GSS
6853896,GSX
2853679,GT
6854048,GTAT
6855616,GTE
937459,GTLS
6859153,GTN
6863524,GTS
6866568,GTT
940811,GTY
2858720,GVA
6869869,GVP
945824,GWB
2863733,GWR
6874902,GWRE
6876906,GWRS
6877839,H
947114,HA
6880401,HABT
2868746,HAE
952127,HAFC
2873759,HAIN
4408385,HAL
6881694,HALL
6886727,HALO
6890711,HASI
957140,HAYN
4413397,HBAN
6892407,HBCP
4418409,HBI
6895241,HBIO
6899975,HBMD
6903061,HBNC
6907609,HBP
960330,HCC
6910383,HCCI
6913363,HCHC
965385,HCI
6916007,HCKT
6921040,HCR
2878772,HCSG
6921195,HDS
6922842,HDSN
2883785,HE
6927875,HEES
6931386,HEI
2888798,HELE
6936419,HERO
4421728,HES
4426740,HFC
968201,HFWA
6936468,HGV
6937228,HHC
6939538,HHS
973214,HI
976148,HIBB
6944571,HIFS
4431752,HIG
6949604,HIIQ
6951347,HIL
2893811,HIW
6955184,HL
6960217,HLF
6964010,HLI
981161,HLIT
6965121,HLNE
986174,HLX
6965843,HMHC
991187,HMN
996200,HMST
998161,HMSY
6967392,HMTV
2898824,HNI
6969097,HNRG
6974130,HOFT
4436764,HOG
4441776,HOLX
2903837,HOMB
6978916,HOME
6979781,HONE
6980670,HOOK
1003174,HOPE
6980855,HOS
6984818,HOV
4446788,HP
4451800,HPE
6989851,HPP
4452833,HPQ
2907225,HQY
2908582,HR
4457845,HRB
2913595,HRC
6992255,HRI
4462857,HRL
6995564,HRTG
6996983,HRTX
7002016,HRZN
1008187,HSC
4467869,HSIC
1013200,HSII
1018213,HSKA
4472881,HST
1023226,HSTM
1028152,HT
7004331,HTA
7006243,HTBI
7008131,HTBK
7013164,HTGC
7016837,HTH
1033165,HTLD
7020839,HTLF
7025872,HTZ
2918608,HUBB
1038178,HUBG
7029181,HUBS
7030504,HUN
7034257,HURC
7039290,HURN
7043128,HUSA
1043191,HVT
7047653,HWCC
1048204,HWKN
7051070,HXL
7056103,HY
7057934,HZN
7059075,HZNP
1053217,HZO
7061203,I
7062899,IAC
2919612,IART
7067932,IBCP
7072718,IBKC
2924625,IBKR
2927798,IBOC
1058230,IBP
7077751,IBTX
7079457,ICBK
7080712,ICD
4477893,ICE
7082078,ICFI
1059689,ICHR
7085422,ICLK
7085938,ICON
7090971,ICPT
2932811,ICUI
2937824,IDA
2942837,IDCC
7092794,IDRA
7097827,IDT
7102520,IESC
7107553,IGT
7112586,IHC
7117619,III
1060465,IIIN
2947850,IIVI
7120871,IMAX
7125904,IMGN
7130937,IMH
7135970,IMKTA
7141003,IMMR
7146036,IMMU
7151069,INAP
7156102,INBK
4481412,INCY
1065478,INDB
7159888,INFI
7164782,INFN
4486424,INFO
7167954,INFY
1070491,INGN
2952863,INGR
1071949,INN
7172987,INO
7178020,INOD
7183053,INOV
7184290,INSE
7185053,INSM
7189987,INSP
7190413,INST
7191459,INSU
7191607,INSW
2957876,INT
4487792,INTC
1074162,INTL
1079175,INVA
7192389,INVE
7197422,INVH
7198163,INWK
7201537,IO
7206570,IONS
1083802,IOSP
4492804,IP
1088815,IPAR
4497816,IPG
7211602,IPHI
1093828,IPHS
7213907,IPI
1097110,IRBT
1100638,IRDM
7216859,IRET
4502828,IRM
1103577,IRT
7221892,IRTC
7222703,IRWD
7225205,ISBC
7228791,ISSC
7233680,ISTR
7235073,ITCI
1105162,ITGR
7236587,ITI
7241620,ITIC
1109969,ITRI
2962889,ITT
7246653,IVAC
1114982,IVC
1119995,IVR
4507840,IVZ
2967902,JACK
1122612,JAG
7251686,JAKK
7256719,JAX
7257798,JAZZ
2972915,JBL
2977928,JBLU
1123355,JBSS
1128368,JBT
7260974,JCAP
4512852,JCI
2982370,JCOM
1131222,JCP
7262181,JCS
4517864,JEC
2987383,JEF
7267214,JELD
7267958,JILL
1136235,JJSF
2992424,JLL
7268674,JMP
7271864,JNCE
4522876,JNPR
7272608,JOE
7277641,JOUT
1141248,JRVR
4527888,JWN
4532900,K
7282674,KAI
1142497,KALU
1145862,KAMN
2997437,KAR
7287707,KBAL
2999974,KBH
3004987,KBR
7292740,KE
1150875,KELYA
1155888,KEM
3008273,KEX
4537912,KEY
7294046,KFFB
7297786,KFRC
1160901,KFY
4542924,KHC
4544031,KIM
7302819,KIN
7304349,KINS
1165914,KLIC
4549040,KMI
3013285,KMPR
3018298,KMT
4551247,KMX
1170927,KN
7309382,KNL
1172385,KNSL
3023311,KNX
4556259,KO
7313177,KODK
1173255,KOP
7314764,KOS
7316946,KPTI
4561271,KR
1176728,KRA
3028324,KRC
1179227,KREF
1179903,KRG
7318501,KRNY
7322247,KRO
4566283,KSS
7326297,KTOS
7331330,KURA
7332382,KVHI
7337415,KW
1183746,KWR
4571295,L
1188759,LAD
7340463,LADR
3033337,LAMR
3038350,LANC
7341956,LAUR
7342697,LAWS
7347730,LAZ
4576307,LB
7351427,LBAI
7356460,LBRDA
7357765,LBRDK
7359070,LBTYA
7362999,LBY
7368032,LC
1193772,LCI
1198785,LCII
7369311,LCNB
7374344,LCUT
1203798,LDL
4581319,LDOS
7379377,LE
7380841,LEA
3043363,LECO
7383401,LEE
4584611,LEG
4589623,LEN
3048376,LFUS
7388434,LFVN
1208811,LGIH
3053389,LGND
1210335,LHCG
7393220,LIFE
3058402,LII
7394399,LINC
7398062,LIND
3063415,LITE
3064519,LIVN
7399198,LJPC
7403983,LKFN
4594635,LKQ
1213970,LL
7409016,LLEX
7411586,LLNW
3065570,LM
1216997,LMAT
7414757,LMNR
1220289,LMNX
4598687,LNC
7419331,LNDC
7424364,LNG
1225218,LNN
4603699,LNT
1230231,LNTH
7429397,LOB
1231348,LOCO
7430523,LOGI
3070583,LOGM
7435556,LOOP
7436094,LOPE
7438897,LORL
7442537,LOV
7446028,LPG
1232695,LPI
7447458,LPLA
1234725,LPSN
3073214,LPT
3078227,LPX
1239653,LQDT
7449759,LRN
7452799,LSCC
3083240,LSI
3088253,LSTR
7457832,LSXMA
7458773,LSXMK
1243109,LTC
7459714,LTM
7464747,LTRPA
7466100,LTS
7471133,LUB
7476166,LULU
4608711,LUV
4613723,LVS
4617474,LW
7479303,LWAY
1248122,LXP
7484336,LXRX
1253135,LXU
4618239,LYB
7489307,LYTS
3093266,LYV
1258148,LZB
4620646,M
4625658,MAC
7494340,MACK
7496299,MAIN
3096779,MAN
3101792,MANH
1263161,MANT
4630670,MAS
3106805,MASI
3109912,MAT
1267633,MATW
1272646,MATX
7499385,MBCN
7503817,MBI
7508850,MBUU
7510347,MBWM
7515380,MC
7516825,MCBC
7521858,MCC
7524116,MCF
7529149,MCFT
4635682,MCHP
7530279,MCHX
7534252,MCRB
1277659,MCRI
1282672,MCS
3114953,MCY
3119966,MD
1287685,MDC
7535396,MDCA
1292698,MDCO
7540429,MDGL
7543685,MDLY
4640694,MDLZ
3124979,MDP
1297542,MDR
3129992,MDRX
3135005,MDU
1302555,MED
1307568,MEDP
7545019,MEET
1308428,MEI
7549136,MEIP
7553179,MELI
1313441,MERC
4645322,MET
7556306,METC
7557045,MFA
7562078,MFSF
7567111,MG
7569693,MGEE
7574726,MGEN
7576128,MGI
1318496,MGLN
4650248,MGM
7580038,MGNX
1322455,MGPI
7581612,MGRC
1327468,MHO
7586645,MIC
7590438,MIDD
1332481,MIK
7595471,MIND
1333847,MINI
7600504,MITK
7605537,MITT
7607684,MJCO
7608827,MKL
3140018,MKSI
1338860,MLAB
3145031,MLHR
1343915,MLI
7613860,MLP
7618893,MLR
7623926,MLVF
1348928,MMI
3150044,MMS
1350487,MMSI
7626857,MN
7628905,MNI
7633938,MNKD
7637830,MNOV
7641124,MNR
1355500,MNRO
4655260,MNST
1360513,MNTA
7646157,MNTX
4660272,MO
7649909,MOBL
7651315,MOD
7656348,MODN
7658064,MOFG
3155057,MOH
7661074,MORN
4665284,MOS
7664773,MOSY
1364391,MOV
1369404,MPAA
4670296,MPC
3159192,MPW
3162821,MPWR
7669436,MPX
7674183,MRC
3166607,MRCY
7676133,MRIN
4672412,MRK
7677847,MRLN
4677424,MRO
1374417,MRTN
7681915,MRVL
4682436,MS
3171648,MSA
7686828,MSBI
7687743,MSEX
7692776,MSG
7693853,MSGN
3176661,MSM
1379472,MSTR
7696362,MTCH
3181674,MTDR
7697404,MTEX
7702437,MTG
1384485,MTH
7707470,MTN
7712503,MTNB
7713858,MTOR
1389498,MTRN
1394511,MTSC
7718766,MTSI
7720735,MTW
3183655,MTX
3188668,MTZ
4687448,MU
3193709,MUR
3198722,MUSA
7725768,MVC
7730685,MVIS
7735718,MWA
4692460,MXIM
1399524,MXL
1401959,MYE
1406972,MYGN
4697472,MYL
7739148,MYOK
1411985,MYRG
7740205,NAT
7745238,NATH
3200317,NATI
7750271,NATR
7752926,NAV
7757959,NAVB
3205330,NAVI
1414823,NBHC
7762992,NBIX
4702484,NBL
7768025,NBN
1416630,NBR
1421643,NBTB
7773058,NC
7778091,NCBS
4707496,NCLH
7779766,NCMI
3206759,NCR
7783020,NCSM
7783701,NDLS
3211772,NDSN
1426656,NE
4709219,NEM
1431669,NEO
1435653,NEOG
7785347,NEON
7790380,NEOS
7791506,NERV
7792899,NES
7795547,NETE
7798374,NETL
3216785,NEU
7798578,NEWR
1440666,NFBK
3221798,NFG
7799856,NGHC
7801340,NGS
7805675,NGVC
3226811,NGVT
7807553,NH
7808462,NHC
7813495,NHI
7818528,NHTC
4714231,NI
7823560,NICK
7828593,NIHD
3227729,NJR
7829725,NK
4719243,NKE
7830848,NKSH
3232742,NKTR
7835881,NL
7840914,NLNK
4724255,NLSN
7842967,NLY
7848000,NM
7851779,NMFC
1443694,NMIH
7853954,NNA
7856854,NNBR
7861887,NNI
3237783,NNN
7865934,NODK
7866645,NOG
4726473,NOV
7869855,NOVA
7869973,NOVT
7870986,NOW
1445217,NP
1448991,NPK
1454004,NPO
7872881,NPTN
1458402,NR
4731485,NRG
7875131,NRIM
7880164,NRZ
1463415,NSA
1464576,NSIT
3242796,NSP
7881850,NSSC
7886883,NSTG
4735496,NTAP
7888531,NTB
3247809,NTCT
7889366,NTG
1469589,NTGR
7891746,NTLA
7892673,NTNX
7893498,NTRA
7894638,NUAN
4740508,NUE
3252822,NUS
3257835,NUVA
7899671,NVAX
7904704,NVCR
7905780,NVEC
7910813,NVEE
7912395,NVRO
7913698,NVTA
1473690,NWBI
3261753,NWE
7914935,NWFL
7919968,NWHM
4745520,NWL
7921465,NWLI
1478703,NWN
7926498,NWPX
4750532,NWS
4752151,NWSA
1483716,NX
7931531,NXPI
7933905,NXRT
7935118,NXST
3264761,NYCB
1488729,NYMT
7939177,NYMX
3269774,NYT
4753770,O
3274787,OAS
7944210,OBLN
3277177,OC
7945031,OCFC
7950064,OCN
7955097,OCUL
7956473,OCX
7957486,ODC
3280497,ODFL
1492584,ODP
7962519,OESX
3285510,OFC
7965555,OFED
1497611,OFG
7967816,OFLX
3290523,OGE
3295536,OGS
3297028,OHI
3302041,OI
1502624,OII
1507651,OIS
4758782,OKE
7971453,OKTA
3307054,OLED
3312095,OLLI
3313212,OLN
7972148,OLP
4763794,OMC
1512368,OMCL
7977181,OMER
7979763,OMEX
7984796,OMF
1516960,OMI
7985833,OMN
7990866,ON
1521973,ONB
7995821,ONCE
7997052,ONDK
7998327,ONE
8000322,ONVO
8002312,OOMA
1526986,OPB
8003442,OPK
8008475,OPNT
8009488,OPOF
8014521,OPY
8019554,ORA
8023371,ORBC
8026688,ORC
8028427,ORCC
4768806,ORCL
3318225,ORI
8031872,ORRF
8036905,OSBC
8041938,OSG
1528402,OSIS
3323238,OSK
8042973,OSTK
1533415,OSUR
8047409,OTIC
8048772,OTTR
8053805,OUT
8055263,OVBC
8060296,OVID
8060972,OXFD
1538428,OXM
4773818,OXY
8062515,PACB
3328251,PACW
8064832,PAG
1543441,PAHC
8069865,PANL
8071390,PANW
8073271,PAR
1544860,PARR
1546678,PATK
8078304,PAYC
4778830,PAYX
3333154,PB
4783842,PBCT
3338167,PBF
3339931,PBH
1551691,PBI
8079750,PBIP
8083473,PBNC
8084002,PBPB
8085580,PBY
8085975,PBYI
4788854,PCAR
8087917,PCG
3343662,PCH
1556704,PCRX
8092950,PCSB
8093636,PCTI
8098669,PCTY
8100134,PCYG
8105167,PCYO
1558953,PDCE
3348675,PDCO
1563966,PDFS
8110200,PDLI
8115233,PDM
8117730,PE
3353688,PEB
8119149,PEBK
8124182,PEBO
4793866,PEG
8129215,PEGA
8134248,PEGI
1568565,PEI
8135831,PEIX
3356227,PEN
3357313,PENN
8139557,PER
8141675,PESI
1573578,PETS
1578591,PFBC
8146708,PFBI
4798878,PFE
4803890,PFG
8151741,PFGC
8152818,PFIS
8157250,PFLT
8159454,PFMT
8161320,PFPT
1583604,PFS
8163264,PFSI
8164945,PGC
1587840,PGNX
8169978,PGP
4808430,PGR
8173660,PGRE
1592853,PGTI
4813442,PHM
8174954,PHX
8179987,PI
8180862,PICO
3362326,PII
8185895,PINC
8187479,PIR
8192512,PIRS
1596224,PJC
8193709,PJT
3367339,PK
8194786,PKBK
8199402,PKD
1600219,PKE
4818454,PKI
8199598,PKOH
1605232,PLAB
1610245,PLAY
1611538,PLCE
4823466,PLD
8204631,PLL
8205141,PLNT
8206257,PLOW
8208696,PLPC
8213729,PLSE
3368099,PLT
8214648,PLUG
1616551,PLUS
8219681,PLX
1621564,PLXS
4828478,PM
8224714,PMBC
1626577,PMT
8229736,PMTS
3373112,PNFP
3377960,PNM
8230807,PNNT
4831416,PNR
8234013,PNRG
4836428,PNW
8239044,PODD
3382973,POL
3387986,POOL
8242232,POR
3392999,POST
1629174,POWI
1634187,POWL
1639200,PPBI
3394984,PPC
4841440,PPL
1644213,PRA
1649226,PRAA
3400025,PRAH
4846452,PRGO
8245701,PRGX
3401308,PRI
8250734,PRIM
8253611,PRK
1653507,PRLB
8258644,PRMW
8260954,PRO
8264092,PROV
8269125,PRS
1655459,PRSC
8269474,PRTA
8271249,PRTK
8274690,PRTS
8277943,PRTY
4851464,PRU
3403751,PSB
8279137,PSDO
8279838,PSEC
1659546,PSMT
8283731,PSTG
3408764,PTC
8284804,PTCT
3413777,PTEN
8286456,PTGX
8287316,PTLA
8288988,PUB
8290143,PULS
1664601,PUMP
1665285,PVAC
8290586,PVBC
4855968,PVH
8291717,PWOD
4860980,PWR
8296750,PXLW
8301692,PZG
8305136,PZN
3418790,PZZA
8308210,QADA
4865992,QCOM
8310492,QCRH
8315525,QDEL
1666051,QEP
8320558,QGEN
1668428,QLYS
1670229,QNST
8325591,QTNT
8327030,QTS
8328605,QTWO
8330069,QUAD
8332466,QUOT
3423803,R
8333939,RA
8334719,RAD
8339752,RAIL
8343470,RARE
8344967,RARX
1672692,RAVN
3428816,RBC
8345774,RBCAA
8350807,RBCN
1677705,RCII
8353865,RCM
8354810,RDI
8359843,RDN
1682718,RDNT
8364876,RDUS
1687773,RECN
4871004,REG
1692526,REGI
1694503,REI
8366286,RELL
8371319,REPH
1697680,RES
8372792,RESI
8374566,RETA
8375479,REV
8380512,REVG
1702735,REX
8381256,REXR
4876016,RF
8382888,RFP
3433829,RGA
8385174,RGCO
3436660,RGEN
3441673,RGLD
8390207,RGLS
1707748,RGNX
1708807,RGR
1713820,RGS
1718833,RH
4881028,RHI
8392032,RHP
8397065,RICK
3446686,RIG
8402098,RIGL
8406906,RILY
4886039,RJF
8408034,RLGT
1720611,RLGY
8411354,RLH
1722434,RLI
8416387,RLJ
8418569,RM
1727447,RMAX
1728997,RMBS
8420529,RMG
8420720,RMR
8421745,RMTI
8426778,RNET
8429061,RNG
3451699,RNR
8430644,RNST
8435677,RNWK
1734010,ROCK
1739023,ROG
1744036,ROIC
3456712,ROL
8440710,ROLL
8444340,ROSE
8447666,RP
8450036,RPAI
8451989,RPD
3461742,RPM
1746566,RPT
1751579,RRC
1756592,RRD
1761605,RRGB
8453119,RRR
8454053,RRTS
3466755,RS
4891051,RSG
8456486,RST
8459190,RTIX
8464075,RTRX
8465880,RUBI
8467335,RUN
8468452,RUSHA
8472860,RUSHB
1765965,RUTH
8477893,RVI
8478282,RVLT
8483315,RVNC
8484808,RVSB
1769558,RWT
8489841,RXN
8491800,RYAAY
1774571,RYAM
8496833,RYI
3471768,RYN
8498199,S
3476781,SABR
3478210,SAFM
1775946,SAFT
8503232,SAGE
1780217,SAH
1785230,SAIA
3483223,SAIC
8504613,SALM
8509646,SALT
3484799,SAM
8511176,SAMG
1789552,SANM
8512823,SASR
8517856,SATS
8520884,SAVE
8523055,SB
8525980,SBBP
1794565,SBCF
8527046,SBGI
3489811,SBH
3493096,SBNY
8532079,SBOW
3497050,SBRA
1799578,SBSI
4896063,SBUX
8533008,SC
8534511,SCCO
1804591,SCHL
8539544,SCHN
4901075,SCHW
3501500,SCI
1809604,SCL
8544577,SCM
8546382,SCOR
8549540,SCS
1814617,SCSC
8554573,SCTY
1819630,SCVL
8555661,SCWX
8556598,SD
8557421,SDRL
8560954,SE
8561513,SEAC
8566546,SEAS
8568241,SEB
4906087,SEE
3506513,SEIC
8573274,SELB
1824643,SEM
8574169,SEMG
1827200,SENEA
8576470,SERV
3511526,SF
1832213,SFBS
8577866,SFE
8582899,SFL
3516539,SFM
1833610,SFNC
8586819,SFST
8591852,SFY
8592042,SGA
8597075,SGC
8602108,SGEN
8606848,SGMO
3518146,SGMS
8611820,SGRY
1838623,SHAK
8612897,SHBI
1839841,SHEN
8617628,SHLO
8622661,SHO
1844896,SHOO
8626493,SIEN
1849909,SIG
8627802,SIGA
3523159,SIGI
8632834,SIL
8635284,SIRI
8640317,SITE
3528172,SIX
1854922,SJI
8641240,SJW
3530588,SKT
3535601,SKX
8646273,SKY
1859935,SKYW
3540614,SLAB
4911099,SLB
1864948,SLCA
4916111,SLG
3545566,SLGN
3550579,SLM
8651306,SLP
8656339,SLRC
1866916,SM
8658837,SMBC
8663870,SMBK
3555592,SMG
8668652,SMHI
8669309,SMMF
1871929,SMP
8674342,SMRT
8679375,SMSI
3560605,SMTC
8684408,SMTS
8685039,SNCR
8688456,SND
8689256,SNDR
8689952,SNDX
3565618,SNH
8690924,SNR
8692235,SNSS
3570592,SNV
3575605,SNX
4921123,SO
8695832,SOHU
8700738,SOI
3579638,SON
8701409,SONA
8704729,SONO
8705092,SP
8709022,SPAR
8714055,SPB
8716662,SPKE
8718036,SPLK
8719981,SPNS
1876942,SPOK
1880716,SPPI
8725014,SPR
8728316,SPRT
1885729,SPSC
1888144,SPTN
8733217,SPWH
8734661,SPWR
1892992,SPXC
8738221,SQ
8739263,SQBG
3584651,SRC
8743394,SRCE
1898005,SRCI
3586489,SRCL
1900960,SRDX
8748427,SREV
8750641,SRG
8751780,SRI
8756813,SRPT
8761846,SRT
8766879,SSB
1905973,SSD
8771912,SSI
8776531,SSNC
1910986,SSP
8778994,SSTI
1915999,SSTK
8779648,SSYS
8784681,ST
8787158,STAA
8792191,STAG
1917791,STAR
8794390,STAY
1922804,STBA
1927817,STC
3591530,STE
8795940,STFC
4926135,STI
3596543,STL
3601556,STLD
8800973,STML
1932830,STMP
8802724,STNG
8805187,STOR
1937843,STRA
8806482,STRL
8811515,STRS
8816548,STSA
4931147,STT
8820224,STWD
4936159,STX
8822846,STXS
8826726,SUI
8831759,SUM
8832977,SUMR
8836213,SUN
8838051,SUNS
1942856,SUPN
8840285,SVVC
8842476,SWI
4940414,SWKS
1944762,SWM
3606569,SWN
3611582,SWX
1949775,SXC
1951876,SXI
3616595,SXT
8842808,SY
8842984,SYBT
4945426,SYF
1956889,SYKE
3621608,SYNA
8848017,SYRS
8848906,SYX
4946765,SYY
4951777,T
8853939,TACO
8855452,TAL
4956789,TAP
8857774,TAST
8861063,TBBK
1961902,TBI
1966915,TBK
8865076,TBNK
8867720,TBPH
8869144,TC
3626101,TCBI
8871848,TCBK
8876881,TCFC
8881380,TCI
1968217,TCMD
3630206,TCO
8886413,TCPC
8888368,TCRD
8890816,TCS
8892374,TCX
3635211,TDC
8897407,TDOC
3638281,TDS
8898548,TDW
3643294,TDY
8903581,TEAM
3648307,TECD
3653320,TECH
4961801,TEL
8904609,TELL
8909642,TEN
3658333,TER
8914675,TERP
8916056,TESS
8921089,TEVA
3663346,TEX
8926122,TFSL
1969087,TG
8929326,TGE
8930505,TGH
1974100,TGI
3668359,TGNA
8933590,TGTX
3673372,THC
8936871,THFF
3678385,THG
3683398,THO
8941904,THOR
8946142,THR
1979113,THRM
3688411,THS
1984126,TILE
8948328,TIPT
1989139,TISI
8950653,TITN
1994152,TIVO
4964928,TJX
8953693,TK
3692047,TKR
8958726,TLGT
1999165,TLRD
8959786,TLYS
8961720,TMHC
2000151,TMP
2005164,TMST
4969940,TMUS
8963422,TNAV
2006536,TNC
8965855,TNDM
8967404,TNET
8968863,TNK
8971903,TOCA
3697060,TOL
8972594,TOWN
8977627,TPB
8978551,TPC
3702073,TPH
8983584,TPHS
8985418,TPIC
2011591,TPRE
3703806,TPX
3707823,TR
8986292,TRC
8991325,TRCB
8994781,TREC
3712836,TREE
3715689,TREX
8998167,TRGP
2013174,TRHC
9000456,TRI
4973106,TRIP
3720702,TRMB
3725715,TRMK
3730728,TRN
9004883,TRNO
9007380,TRNX
9010210,TROX
9012503,TRS
2014000,TRST
9015688,TRTN
9019274,TRU
9020419,TRUP
9021800,TRVN
9023297,TSBK
9028330,TSC
4975106,TSCO
2019013,TSE
9030011,TSLA
4980118,TSN
9032412,TSQ
3735741,TTC
9033789,TTD
2020419,TTEC
3740754,TTEK
2025432,TTGT
2028618,TTI
2033631,TTMI
9034621,TTPH
9036337,TUES
2038442,TUP
9041370,TUSK
2043455,TVTY
9042185,TW
2048468,TWI
9042387,TWIN
9047420,TWLO
9048314,TWMC
9053347,TWNK
9054383,TWO
9056949,TWOU
4985130,TWTR
9058407,TXMD
3745767,TXRH
4986650,TXT
3749586,TYL
9062455,TZOO
4991662,UA
4992579,UAA
4996096,UAL
2053481,UBA
9066828,UBFO
3754599,UBSI
2058494,UCBI
9071861,UCFC
2062940,UCTT
4999562,UDR
3759612,UE
9076894,UEC
2066878,UEIC
9080109,UEPS
2071891,UFCS
2076904,UFI
2081917,UFPI
9085142,UFPT
3760853,UFS
3765611,UGI
9090175,UHAL
2086930,UHT
2091943,UIHC
2094972,UIS
9095208,ULBI
9100241,ULH
9101172,ULTR
3770624,UMBF
9101286,UMH
3775637,UMPQ
9106319,UNB
2100027,UNF
2105040,UNFI
3780650,UNIT
5004574,UNM
2110067,UNT
9111352,UNTY
9116385,UNVR
9117535,UPLD
3781828,URBN
9118838,URG
9121724,USAK
9126757,USAP
9131790,USAT
5009586,USB
2115080,USCR
9136823,USEG
9141856,USFD
9142769,USLM
9147802,USM
2117372,USNA
2122427,USPH
9152835,UST
3786841,UTHR
9155338,UTI
9159381,UTL
9164414,UTMD
9169447,UTSI
2127440,UVE
9174443,UVSP
2131579,UVV
3791854,VAC
2136592,VAL
9179476,VALU
9184509,VBIV
2141605,VBTX
3793892,VC
9189542,VCRA
9191502,VCYT
9193062,VEC
2142928,VECO
9194402,VEEV
9195972,VER
9197092,VERI
5014598,VFC
2147941,VG
2151336,VGR
9197763,VGZ
9202796,VHC
9207829,VHI
9212862,VIA
5019610,VIAB
2156349,VIAV
2157439,VICR
9216386,VIRT
9217580,VIVE
2162452,VIVO
9222363,VLGEA
5023117,VLO
3796206,VLY
3801219,VMI
9227396,VMW
2167465,VNDA
5028129,VNO
9230520,VOD
9235553,VOXX
9240586,VOYA
9242272,VPG
2170926,VRA
9244677,VRAY
2173214,VREX
9245694,VRNS
9247172,VRNT
9251617,VRS
2173937,VRTS
2176678,VRTU
2179774,VRTV
3806232,VSAT
9252494,VSEC
3811245,VSH
2181138,VSI
9257527,VSLR
9258856,VST
9259678,VSTM
2183672,VSTO
5033141,VTR
9261680,VTVT
2184883,VVI
9262801,VVUS
3816258,VVV
9267834,VYGR
5038153,VZ
9268882,W
9270210,WAAS
5043165,WAB
2188725,WABC
3817075,WAFD
9271031,WAIR
9273158,WAL
9276815,WASH
9281848,WATT
9283306,WB
5048177,WBA
9284750,WBC
3822088,WBS
9287884,WBT
9288866,WCC
9293899,WCN
2193738,WD
9298932,WDAY
5053189,WDC
2195988,WDFC
2201001,WDR
5058201,WEC
3827101,WEN
3832114,WERN
2206014,WETF
3837127,WEX
9300754,WEYS
5063213,WFC
2211027,WGO
9305787,WHF
9307573,WHG
9311999,WIFI
9314186,WINA
2216040,WING
9319219,WINS
2217166,WIRE
9320264,WK
9321542,WLDN
9324848,WLFC
2222179,WLH
9329881,WLK
2223825,WLL
5068225,WMB
9333763,WMC
9335692,WMGI
9340343,WMK
9345376,WMS
2227887,WNC
9346752,WNEB
3840854,WOR
9351207,WPC
2232900,WPG
9356240,WPP
3845867,WPX
3847882,WRB
2234297,WRE
3852895,WRI
5073237,WRK
2239352,WRLD
9361273,WSBC
9366306,WSBF
9369897,WSC
9370428,WSFS
3857908,WSM
3862921,WSO
2244365,WSR
3867934,WST
9375461,WSTL
9380494,WTBA
3872947,WTFC
9385527,WTI
9389291,WTM
3877960,WTR
2246692,WTS
9394324,WTTR
5074351,WU
9395010,WVE
3882973,WW
3887542,WWD
3892555,WWE
2251705,WWW
5077652,WY
3897568,X
9396058,XBIT
5082664,XEC
5086973,XEL
9397253,XENT
2256718,XHR
5091985,XLNX
9398630,XLRN
2257961,XNCR
9400219,XOG
5096997,XOM
9401036,XOMA
9406069,XON
9407687,XONE
2259498,XPER
3902581,XPO
5102009,XRAY
5107021,XRX
5112033,XYL
3906675,Y
3911688,YELP
9409431,YEXT
9410122,YORW
9415155,YRCW
9420188,YUMC
9421002,Z
9422121,ZAGG
9425232,ZAYO
3913666,ZBRA
9426549,ZEN
2263520,ZEUS
9427974,ZG
9430108,ZGNX
5114071,ZION
9432406,ZIOP
9436026,ZIXI
9441059,ZN
9444338,ZNGA
2268533,ZUMZ
9446367,ZYNE
